SNo,ScripCode,NameOfCompany
1,500325,Reliance Industries Ltd
2,532540,Tata Consultancy Services Ltd.
3,500180,HDFC Bank Ltd.
4,532174,ICICI Bank Ltd.
5,500209,Infosys Ltd
6,532454,Bharti Airtel  Ltd.
7,500112,"State Bank Of India,"
8,500696,"Hindustan Unilever Ltd.,"
9,543526,LIFE INSURANCE CORPORATION OF INDIA
10,500875,ITC Ltd
11,500510,Larsen & Toubro Limited
12,500034,Bajaj Finance Limited
13,532281,HCL Technologies Ltd
14,500247,Kotak Mahindra Bank Ltd.
15,532500,Maruti Suzuki India  Ltd.
16,524715,Sun Pharmaceutical Industries Ltd.
17,512599,Adani Enterprises Ltd.
18,532215,AXIS Bank Ltd.
19,500114,Titan Company Limited
20,532555,NTPC Limited
21,500312,Oil And Natural Gas Corporation Ltd
22,500820,Asian Paints Ltd.
23,500570,Tata Motors Ltd.
24,532538,UltraTech Cement Ltd
25,540376,Avenue Supermarts Limited
26,532978,Bajaj Finserv Limited
27,541450,Adani Green Energy Limited
28,532921,Adani Ports and Special Economic Zone Ltd
29,533278,Coal India Limited
30,500790,Nestle India Ltd.
31,507685,"Wipro  Ltd.,"
32,532898,POWER GRID CORPORATION OF INDIA LIMITED
33,500520,Mahindra & Mahindra Ltd.
34,532977,Bajaj Auto Limited
35,530965,Indian Oil Corporation Ltd.
36,533096,Adani Power Limited
37,500228,JSW Steel Limited
38,541154,Hindustan Aeronautics Limited
39,532868,DLF LIMITED
40,543940,Jio Financial Services Limited
41,500470,TATA STEEL LIMITED
42,540180,Varun Beverages Limited
43,543257,Indian Railway Finance Corporation
44,540005,LTIMindtree Limited
45,500550,"Siemens Ltd.,"
46,540719,SBI Life Insurance Company Limited
47,500300,Grasim Industries Ltd
48,500331,Pidilite Industries Ltd.
49,500188,"Hindustan Zinc Ltd.,"
50,500049,"Bharat Electronics Ltd.,"
51,540777,HDFC LIFE INSURANCE COMPANY LIMITED
52,532810,Power Finance Corporation Ltd
53,543320,Zomato Limited
54,532134,Bank Of Baroda
55,500440,Hindalco Industries Ltd.
56,532755,Tech Mahindra Limited
57,500251,Trent Ltd [Lakme Ltd]
58,539448,InterGlobe Aviation Limited
59,500825,"Britannia Industries Ltd.,"
60,532187,IndusInd Bank Ltd.
61,532461,Punjab National Bank
62,532424,Godrej Consumer Products Ltd.
63,539254,Adani Energy Solutions Limited
64,500400,Tata Power Co. Ltd
65,500547,"Bharat Petroleum Corpn. Ltd.,"
66,532955,REC LIMITED
67,500087,"Cipla Ltd.,"
68,532155,Gail (India) Ltd.
69,500002,ABB India Limited
70,500425,Ambuja Cements Ltd.
71,505200,Eicher Motors Ltd.
72,543287,Macrotech Developers Limited
73,500295,Vedanta Limited
74,500800,TATA CONSUMER PRODUCTS LIMITED
75,542066,ADANI TOTAL GAS LIMITED
76,532388,Indian Overseas Bank
77,532477,Union Bank of India
78,500124,"Dr. Reddy's Laboratories Ltd.,"
79,532488,Divi's Laboratories Ltd.
80,511243,Cholamandalam Investment and Finance Company Ltd
81,500387,"Shree Cements Ltd.,"
82,500096,Dabur India Ltd.
83,532343,TVS Motor Company Ltd.
84,532483,Canara Bank
85,500490,Bajaj Holdings & Investment Limited
86,517354,Havells India Limited
87,508869,"Apollo Hospitals Enterprises Ltd.,"
88,511218,Shriram Finance Limited
89,543904,Mankind Pharma Limited
90,500182,Hero MotoCorp Limited
91,500116,IDBI Bank Ltd
92,500420,Torrent Pharmaceuticals Ltd.
93,532321,Zydus Lifesciences Limited
94,532432,United Spirits Limited
95,533148,JSW Energy Limited
96,540133,ICICI Prudential Life Insurance Company Limited
97,532286,Jindal Steel & Power Ltd
98,533098,NHPC Limited
99,540716,ICICI Lombard General Insurance Company Limited
100,542652,Polycab India Limited
101,500530,Bosch Ltd
102,517334,Samvardhana Motherson International Limited
103,541729,HDFC Asset Management Company Limited
104,500103,"Bharat Heavy Electricals Ltd.,"
105,503806,"SRF Ltd.,"
106,543220,Max Healthcare Institute Limited
107,500850,Indian Hotels Co. Ltd
108,542830,Indian Railway Catering & Tourism Corporation Ltd
109,500093,CG Power and Industrial Solutions Limited
110,543066,SBI CARDS AND PAYMENT SERVICES LIMITED
111,532822,VODAFONE IDEA LIMITED
112,540762,Tube Investments of India Ltd
113,531642,Marico Limited
114,500830,"Colgate-Palmolive (India) Ltd.,"
115,532648,Yes Bank Ltd.
116,532777,Info Edge(India) Ltd.
117,509480,Berger Paints India Ltd
118,500257,Lupin Ltd
119,500480,"Cummins India Ltd.,"
120,532725,Solar Industries India Limited
121,534816,INDUS TOWERS LIMITED
122,532814,Indian Bank
123,500104,Hindustan Petroleum Corporation Ltd
124,524804,Aurobindo Pharma Ltd.
125,526371,NMDC Ltd
126,533150,Godrej Properties Limited
127,539437,IDFC FIRST BANK LIMITED
128,539523,Alkem Laboratories Limited
129,533179,Persistent Systems Limited
130,540755,General Insurance Corporation of India
131,533398,MUTHOOT FINANCE LIMITED
132,532505,UCO Bank
133,532149,Bank of India
134,532667,SUZLON ENERGY LTD.
135,500290,"M.R.F. Ltd.,"
136,523642,PI Industries Limited
137,500459,Procter & Gamble Hygiene & Health Care Ltd.
138,540115,L&T Technology Services Limited
139,500368,Patanjali Foods Limited
140,500493,Bharat Forge Ltd
141,500488,Abbott India Ltd.
142,532466,Oracle Financial Services Software Limited
143,509930,"Supreme Industries Ltd.,"
144,531344,Container Corporation Of India Ltd.
145,532779,TORRENT POWER LIMITED
146,532830,ASTRAL LIMITED
147,523457,Linde India Limited
148,500483,Tata Communications Limited
149,500477,"Ashok Leyland Ltd.,"
150,533273,OBEROI REALTY LIMITED
151,500408,Tata Elxsi Ltd
152,533106,Oil India Limited
153,500113,"Steel Authority of India Ltd.,"
154,532508,Jindal Stainless Limited
155,532885,Central Bank of India
156,505790,Schaeffler India Limited
157,502355,"Balkrishna Industries Ltd.,"
158,543994,JSW Infrastructure Limited
159,542649,Rail Vikas Nigam Limited
160,543384,FSN E-Commerce Ventures Limited
161,526299,Mphasis Limited
162,540691,Aditya Birla Capital Ltd
163,532754,GMR AIRPORTS INFRASTRUCTURE LIMITED
164,532478,United Breweries Ltd.
165,533274,Prestige Estates Projects Limited
166,544028,Tata Technologies Limited
167,503100,"The Phoenix Mills Ltd.,"
168,543458,Adani Wilmar Limited
169,540611,AU Small Finance Bank Limited
170,544162,Bharti Hexacom Limited
171,500410,ACC Ltd
172,543390,PB Fintech Limited
173,533758,APL Apollo Tubes Limited
174,543237,Mazagon Dock Shipbuilders Limited
175,533206,SJVN LIMITED
176,542651,KPIT Technologies Ltd
177,532827,Page Industries Ltd.
178,500411,Thermax Ltd.
179,512070,UPL Limited
180,533519,L&T Finance Limited
181,542216,DALMIA BHARAT LIMITED
182,540699,Dixon Technologies (India) Limited
183,532539,UNO Minda Limited
184,532525,Bank of maharashtra
185,543278,Kalyan Jewellers India Limited
186,544026,Indian Renewable Energy Development Agency Limited
187,543396,One 97 Communications Limited
188,540769,The New India Assurance Company Limited
189,532522,PETRONET LNG LTD.
190,500469,Federal Bank Ltd.
191,532541,COFORGE LIMITED
192,542812,Gujarat Fluorochemicals Limited
193,543300,Sona BLW Precision Forgings Limited
194,533295,PUNJAB & SIND BANK
195,523395,3M India Ltd.
196,532683,AIA Engineering Ltd.
197,539336,Gujarat Gas Limited
198,524000,POONAWALLA FINCORP LIMITED
199,532720,Mahindra & Mahindra Financial Services Limited
200,500575,"Voltas Ltd.,"
201,541153,Bandhan Bank Limited
202,517174,Honeywell Automation India Ltd.
203,506395,Coromandel International Limited
204,500271,Max Financial Services Limited
205,500660,GlaxoSmithkline Pharmaceuticals Ltd.
206,533155,Jubilant Foodworks Limited
207,500495,Escorts Kubota Limited
208,500092,CRISIL Ltd.
209,543412,Star Health and Allied Insurance Company Limited
210,543426,Metro Brands Limited
211,532947,IRB Infrastructure Developers Limited
212,500253,Lic Housing Finance Ltd.
213,532523,Biocon Ltd.
214,500109,Mangalore Refinery & Petrochemicals
215,543529,Delhivery Limited
216,532644,J.K. CEMENT LTD
217,532843,Fortis Healthcare Ltd
218,506401,Deepak Nitrite Limited
219,543654,Global Health Limited
220,540530,Housing &Urban Development Corporation Ltd.
221,500877,Apollo Tyres Ltd
222,540767,NIPPON LIFE INDIA ASSET MANAGEMENT LIMITED
223,513683,NLC India Limited
224,543245, Gland Pharma Limited
225,512455,Lloyds Metals and Energy Limited
226,532514,Indraprashtha Gas Ltd.
227,524494,Ipca Laboratories Ltd.
228,541143,Bharat Dynamics Limited
229,533023,ZF Commercial Vehicle Control Systems India Limited
230,517569,KEI Industries Ltd.
231,539268,Syngene International Limited
232,543498,Motherson Sumi Wiring India Limited
233,523610,ITI Limited (Indian Teleph.Ind.Ltd)
234,500086,"Exide Industries Ltd.,"
235,501301,"Tata Investment Corporation Ltd.,"
236,532889,K.P.R. Mill Ltd.
237,543463,Vedant Fashions Limited
238,500770,Tata Chemicals Ltd
239,532331,Ajanta Pharma Ltd.
240,500164,Godrej Industries Ltd.
241,543235,ANGEL ONE LIMITED
242,540153,Endurance Technologies Limited
243,532733,SUN TV NETWORK LIMITED
244,539551,Narayana Hrudayalaya Limited
245,543187,HITACHI ENERGY INDIA LIMITED
246,532234,"National Aluminium Co. Ltd.,"
247,541770,CreditAccess Grameen Ltd.
248,532296,Glenmark Pharmaceuticals ltd
249,506943,J.B. Chemicals & Pharmaceuticals Lt
250,500165,Kansai Nerolac Paints
251,506285,Bayer CropScience Limited.
252,500403,"Sundram Fasteners Ltd.,"
253,513599,Hindustan Copper Ltd.
254,531531,Hatsun Agro Products Ltd.
255,532259,Apar Industries Ltd
256,540680,KIOCL Limited
257,541179,ICICI Securities Limited
258,506076,Grindwell Norton Ltd.
259,542772,360 ONE WAM LIMITED
260,500067,Blue Star Ltd
261,532892,Motilal Oswal Financial Services Limited
262,524208,Aarti Industries Ltd
263,522113,Timken India Ltd
264,500472,SKF India Ltd.
265,532175,Cyient Limited
266,520111,Ratnamani Metals & Tubes Ltd
267,513375,"Carborundum Universal Ltd.,"
268,535755,Aditya Birla Fashion and Retail Limited
269,500260,The Ramco Cements Limited
270,540222,Laurus Labs Limited
271,530517,Relaxo Footwears Ltd.
272,532497,Radico Khaitan Ltd.
273,531162,Emami Ltd
274,543663,Five-Star Business Finance Ltd.
275,500840,EIH Ltd
276,507815,Gillette India Ltd.
277,540678,Cochin Shipyard Limited
278,532636,IIFL FINANCE LIMITED
279,532929,Brigade Enterprises Limited
280,500302,Piramal Enterprises Limited
281,540975,Aster DM Healthcare Limited
282,543330,Devyani International Limited
283,532221,Sonata Software Ltd.
284,500233,Kajaria Ceramics Ltd
285,521064,Trident Ltd
286,539524,Dr. Lal Pathlabs Limited
287,532605,JBM Auto Limited
288,504973,CHOLAMANDALAM FINANCIAL HOLDINGS LIMITED
289,532400,BIRLASOFT LIMITED
290,505537,Zee Entertainment Enterprises Ltd.
291,540173,PNB Housing Finance Limited
292,500680,"Pfizer Ltd.,"
293,542920,SUMITOMO CHEMICAL INDIA LIMITED
294,500043,Bata India Limited
295,534309,NBCC (India) Limited
296,500674,Sanofi India Ltd
297,532659,IDFC LIMITED
298,541956,IRCON International Ltd
299,500027,"Atul Limited.,"
300,539876,Crompton Greaves Consumer Electricals Limited
301,532702,Gujarat State Petronet Ltd.
302,522074,"Elgi Equipments Ltd.,"
303,532756,CIE Automotive India Limited
304,500870,Castrol India Ltd
305,531595,Capri Global Capital Limited
306,522275,GE T&D India Limited
307,500238,Whirlpool of India Ltd
308,533573,ALEMBIC PHARMACEUTICALS LIMITED
309,544012,Cello World Limited
310,543635,PIRAMAL PHARMA LIMITED
311,543981,R R KABEL LIMITED
312,524200,"Vinati Organics Ltd.,"
313,532371,Tata Teleservices (Maharashtra) Ltd.
314,534091,Multi Commodity Exchange of India Ltd
315,532504,Navin Fluorine International Limited
316,532926,JYOTHY LABS LIMITED
317,532714,KEC International Ltd.
318,543064,SUVEN PHARMACEUTICALS LIMITED
319,543664,KAYNES TECHNOLOGY INDIA LIMITED
320,500084,"CESC Limited,"
321,543335,Aptus Value Housing Finance India Limited
322,543308,Krishna Institute of Medical Sciences Limited
323,503310,Swan Energy Ltd.
324,543299,Shyam Metalics and Energy Limited
325,543768,NMDC Steel Limited
326,542726,IndiaMART InterMESH Limited
327,500040,"Century Textiles & Industries Ltd.,"
328,542752,Affle (India) Limited
329,524816,Natco Pharma Ltd.
330,520056,TVS Holdings Limited
331,532548,Century Plyboards (India) Ltd.
332,526612,Blue Dart Express Ltd.
333,540065,RBL Bank Limited
334,523367,DCM Shriram Limited
335,500144,"Finolex Cables Ltd.,"
336,542399,Chalet Hotels Limited
337,500378,Jindal Saw Ltd.
338,543990,SIGNATUREGLOBAL (INDIA) LIMITED
339,500252,"Lakshmi Machine Works Ltd.,"
340,539083,Inox Wind Limited
341,543318,Clean Science and Technology Limited
342,543960,Concord Biotech Limited
343,532689,PVR INOX LIMITED
344,514162,WELSPUN LIVING LIMITED
345,500085,Chambal Fertilisers & Chemicals Ltd
346,532805,Redington Limited
347,500184,Himadri Speciality Chemical Ltd.
348,531213,Manappuram Finance Limited
349,531768,Poly Medicure Ltd
350,533272,JUPITER WAGONS LIMITED
351,544081,Jyoti CNC Automation Limited
352,541556,RITES Limited
353,532976,Jai Balaji Industries Limited
354,533655,Triveni Turbine Limited
355,532144,Welspun Corp Limited
356,534076,RHI MAGNESITA INDIA LIMITED
357,543232,Computer Age Management Services Limited
358,500008,Amara Raja Energy & Mobility Limited
359,532209,Jammu and Kashmir Bank Ltd.
360,539177,Authum Investment & Infrastructure Limited
361,522287,KALPATARU PROJECTS INTERNATIONAL LIMITED
362,500003,Aegis Logistics Ltd.
363,500620,"Great Eastern Shipping Co. Ltd.,"
364,500940,Finolex Industries Ltd.
365,543374,Aditya Birla Sun Life AMC Limited
366,543988,Nuvama Wealth Management Limited
367,540073,BLS International Services Ltd
368,540595,Tejas Networks Limited
369,500042,BASF India Ltd
370,541557,Fine Organic Industries Limited
371,515030,Asahi India Glass Ltd.
372,532953,V-Guard Industries Ltd.
373,543653,Bikaji Foods International Limited
374,506820,AstraZeneca Pharma India Ltd.
375,544014,Honasa Consumer Limited
376,532809,Firstsource Solutions Ltd.
377,532790,TANLA PLATFORMS LIMITED
378,532439,OLECTRA GREENTECH LIMITED
379,500163,"Godfrey Phillips India Ltd.,"
380,540750,Indian Energy Exchange Limited
381,521070,Alok Industries Ltd.
382,532527,ramkrishna forgings Ltd.
383,543415,Anand Rathi Wealth Limited
384,532181,Gujarat Mineral Development Corpora
385,500294,NCC Limited
386,532762,Action Construction Equipments Ltd.
387,543227,Happiest Minds Technologies Limited
388,532966,TITAGARH RAIL SYSTEMS LIMITED
389,539957,Mahanagar Gas Limited
390,505533,WESTLIFE FOODWORLD LIMITED
391,504067,Zensar Technologies Ltd.
392,500249,KSB LIMITED
393,500183,HFCL LIMITED
394,517271,HBL Power Systems Ltd.
395,534139,SCHNEIDER ELECTRIC INFRASTRUCTURE LIMITED
396,500265,Maharashtra Seamless Ltd.
397,538835,INTELLECT DESIGN ARENA LIMITED
398,500048,BEML Ltd
399,543334,Nuvoco Vistas Corporation Limited
400,543428,Data Patterns (India) Limited
401,543524,Rainbow Children's Medicare Limited
402,532927,eClerx Services Limited
403,532784,Sobha Limited
404,540596,Eris Lifesciences Limited
405,502986,Vardhman Textiles Limted
406,500110,Chennai Petroleum Corporation Ltd.
407,540902,Amber Enterprises India Limited
408,500330,Raymond Limited
409,540203,Sheela Foam Limited
410,541988,AAVAS Financiers Limited
411,543317,G R Infraprojects Limited
412,500710,Akzo Nobel India Limited
413,500031,"Bajaj Electricals Ltd.,"
414,500405,Supreme Petrochem Ltd.
415,535789,INDIABULLS HOUSING FINANCE LIMITED
416,543243,Equitas Small Finance Bank Limited
417,543534,Aether Industries Limited
418,500335,Birla Corporation Ltd.
419,506767,"Alkyl Amines Chemicals Ltd.,"
420,543265,RailTel Corporation of India Limited
421,532627,Jaiprakash Power Ventures Limited
422,509488,Graphite India Ltd.
423,543238,UTI Asset Management Company Limited
424,505700,"Elecon Engineering Co.Ltd.,"
425,532178,Engineers India Ltd.
426,501425,"Bombay Burmah Trading Corpn. Ltd.,"
427,542760,STERLING AND WILSON RENEWABLE ENERGY LIMITED
428,530007,JK Tyre & Industries Ltd.
429,533293,Kirloskar Oil Engines Limited
430,532872,Sun Pharma Advanced Research Company Ltd.
431,542904,Ujjivan Small Finance Bank Limited
432,532210,City Union Bank Ltd
433,543425,C.E. Info Systems Limited
434,500670,Gujarat Narmada Valley Fert.Co.Ltd
435,534597,RATTANINDIA ENTERPRISES LIMITED
436,540900,Newgen Software Technologies Limited
437,544129,Juniper Hotels Limited
438,500210,Ingersoll-Rand (India) Ltd.
439,517506,TTK Prestige Ltd.
440,515055,Anant Raj Limited
441,511196,"Can Fin Homes Ltd.,"
442,541233,Lemon Tree Hotels Limited
443,543275,Anupam Rasayan India Limited
444,524742,Caplin Point Laboratories Ltd.
445,532443,Cera Sanitaryware Ltd.
446,506590,PCBL LIMITED
447,513377,"MMTC Ltd.,"
448,531500,Rajesh Exports Ltd.
449,500125,"E.I.D. Parry (India) Ltd.,"
450,500878,"Ceat Ltd.,"
451,500380,JK Lakshmi Cement Limited
452,531335,Zydus Wellness Limited
453,540743,Godrej Agrovet Limited
454,539150,PNC Infratech Limited
455,532798,Network 18 Media & Investments Limited
456,533160,VALOR ESTATE LIMITED
457,532482,Granules India Ltd.
458,532734,GODAWARI POWER AND ISPAT LTD.
459,544046,INOX India Limited
460,543228,Route Mobile Limited
461,532670,Shree Renuka Sugars Ltd.
462,543720,KFin Technologies Limited
463,543398,Latent View Analytics Limited
464,504882,National Standard (India) Limited
465,543276,Craftsman Automation Limited
466,522205,Praj Industries Ltd.
467,517146,Usha Martin Ltd.
468,543573,Syrma SGS Technology Limited
469,532939,Reliance Power Limited
470,534618,WAAREE RENEWABLE TECHNOLOGIES LIMITED
471,542011,Garden Reach Shipbuilders & Engineers Limited
472,539006,PTC Industries Ltd.
473,523025,"Safari Industries (India) Ltd.,"
474,533095,Bengal & Assam Company Limited
475,500106,IFCI Ltd.
476,543482,Eureka Forbes Limited
477,540935,Galaxy Surfactants Limited
478,538962,Minda Corporation Limited
479,543959,SBFC Finance Limited
480,500690,Gujarat State Fertilizers & Chem.Ltd
481,544045,DOMS Industries Limited
482,543322,Glenmark Life Sciences Limited
483,543397,Sapphire Foods India Limited
484,532800,TV18 Broadcast Ltd.
485,544057,Happy Forgings Limited
486,523598,Shipping Corporation Of India Ltd
487,532313,Mahindra Lifespace Developers Ltd.
488,532468,Kama Holdings Limited
489,523405,JM Financial Limited
490,500128,"Electrosteel Castings Ltd.,"
491,530019,JUBILANT PHARMOVA LIMITED
492,500338,PRISM JOHNSON LIMITED.
493,500266,"Maharashtra Scooters Ltd.,"
494,543427,Medplus Health Services Limited
495,543417,RateGain Travel Technologies Limited
496,500390,Reliance Infrastructure Ltd
497,500133,Esab India Ltd.
498,542650,Metropolis Healthcare Limited
499,533248,Gujarat Pipavav Port Limited
500,500126,PROCTER & GAMBLE HEALTH LIMITED
501,543965,TVS Supply Chain Solutions Limited
502,542141,Techno Electric & Engineering Company Limited
503,519600,CCL Products (India) Ltd.
504,524226,Gujarat Ambuja Exports Ltd.
505,532652,Karnataka Bank Ltd.
506,543259,Home First Finance Company India Limited
507,523704,Mastek Limited
508,524230,Rashtriya Chemicals & Fertilizers Limited
509,505509,Responsive Industries Ltd
510,539807,INFIBEAM AVENUES LIMITED
511,504614,Sarda Energy & Minerals Ltd
512,500038,Balrampur Chini Mills Ltd.
513,533088,Mahindra Holidays & Resorts India Limited
514,541578,Varroc Engineering Limited
515,507880,"V.I.P. Industries Ltd.,"
516,543957,REDTAPE Limited
517,543626,Electronics Mart India Limited
518,543596,Tamilnad Mercantile Bank Limited
519,543523,Campus Activewear Limited
520,500214,Ion Exchange (India) Ltd
521,530813,KRBL Ltd.
522,532638,Shoppers Stop Ltd
523,500241,"Kirloskar Brothers Ltd.,"
524,543272,Easy Trip Planners Limited
525,543657,Archean Chemical Industries Limited
526,543413,Tega Industries Limited
527,540575,Star Cement Limited
528,500245,Kirloskar Ferrous Industries Ltd.
529,541195,Mishra Dhatu Nigam Limited
530,524558,Neuland Laboratories Limited.
531,539978,Quess Corp Limited
532,500413,"Thomas Cook (India) Ltd.,"
533,543980,Jupiter Life Line Hospitals Limited
534,533169,MAN INFRACONSTRUCTION LIMITED
535,532356,Triveni Engineering & Industries Ltd
536,532757,VOLTAMP TRANSFORMERS LIMITED
537,532942,KNR Constructions Limited
538,543945,NETWEB TECHNOLOGIES INDIA LIMITED
539,543271,Jubilant Ingrevia Limited
540,543336,Chemplast Sanmar Limited
541,500645,Deepak Fertilizers &Petrochemicals
542,539302,Power Mech Projects Limited
543,532749,Allcargo Logistics Ltd
544,532915,Religare Enterprises Ltd
545,542323,KPI Green Energy Limited
546,530005,"India Cements Ltd.,"
547,543277,Laxmi Organic Industries Limited
548,530999,Balaji Amines Ltd.
549,513023,NAVA LIMITED
550,543669,Keystone Realtors Limited
551,520113,Vesuvius India Ltd.
552,542907,Prince Pipes and Fittings Limited
553,532163,Saregama India Ltd.
554,538730,PDS LIMITED
555,535648,Just Dial Limited
556,509631,HEG Ltd.
557,500101,"Arvind Ltd.,"
558,533339,Zen Technologies Ltd.
559,532156,Vaibhav Global Ltd
560,542759,Spandana Sphoorty Financial Limited
561,524404,Marksans Pharma Ltd.
562,509557,GARWARE TECHNICAL FIBRES LIMITED
563,538979,Greenlam Industries Ltd
564,531599,FDC Ltd.
565,533282,GRAVITA INDIA LIMITED
566,532783,LT Foods Limited
567,500033,Force Motors Limited
568,533033,ISGEC Heavy Engineering Limited
569,532922,Edelweiss Financial Services Ltd.
570,543258,Indigo Paints Limited
571,539874,Ujjivan Financial Services Limited
572,532300,Wockhardt Ltd
573,543253,Mrs. Bectors Food Specialities Limited
574,530343,Genus Power Infrastructures Ltd
575,500123,Elantas Beck India Ltd
576,531543,Jindal Worldwide Ltd.
577,512179,Sunteck Realty Ltd
578,500336,"Surya Roshni Ltd.,"
579,505255,GMM Pfaudler Ltd.
580,532349,Transport Corporation of India Ltd
581,532218,South Indian Bank Ltd.
582,504918,"Sandur Manganese & Iron Ores Ltd.,"
583,543350,Vijaya Diagnostic Centre Limited
584,542867,CSB Bank Limited
585,533326,Texmaco Rail & Engineering Limited
586,502219,BOROSIL RENEWABLES LIMITED
587,532642,JSW Holdings Limited
588,512573,Avanti Feeds ltd.
589,532162,JK Paper Ltd.
590,543297,Inox Wind Energy Limited
591,543401,Go Fashion (India) Limited
592,544009,Blue Jet Healthcare Limited
593,544061,Azad Engineering Limited
594,544044,India Shelter Finance Corporation Limited
595,543270,MTAR Technologies Limited
596,532531,STRIDES PHARMA SCIENCE LIMITED
597,533286,MOIL Limited
598,517385,Symphony Limited
599,532811,Ahluwalia Contracts (India) Ltd
600,543952,NIIT Learning Systems Limited
601,521016,Indo Count Industries Ltd
602,500135,EPL LIMITED
603,540725,Share India Securities Limited
604,543441,CMS Info Systems Limited
605,540047,Dilip Buildcon Limited
606,543936,Senco Gold Limited
607,541019,H.G. Infra Engineering Limited
608,519126,"Hindustan Foods Ltd.,"
609,543325,Rolex Rings Limited
610,543942,UTKARSH SMALL FINANCE BANK LIMITED
611,512237,Jai Corp Limited
612,542484,Arvind Fashions Limited
613,505355,Nesco Ltd
614,538891,MAGELLANIC CLOUD LIMITED
615,543530,Paradeep Phosphates Limited
616,532735,R Systems International Limited
617,543280,Nazara Technologies Limited
618,544022,ASK Automotive Limited
619,532493,Astra Microwave Products Ltd.
620,539118,VRL Logistics Limited
621,532832,Indiabulls Real Estate Limited
622,532524,PTC India Ltd
623,539992,LLOYDS ENGINEERING WORKS LIMITED
624,543652,Fusion Micro Finance Limited
625,543532,ETHOS LIMITED
626,530001,"Gujarat Alkalis & Chemicals Ltd.,"
627,532374,Sterlite Technologies Limited.
628,500339,Rain Industries Limited
629,532509,Suprajit Engineering Ltd.
630,543248,Restaurant Brands Asia Limited
631,543933,Cyient DLM Limited
632,500187,AGI GREENPAC LIMITED
633,509966,"VST Industries Ltd.,"
634,500185,"Hindustan Construction Co. Ltd.,"
635,532835,ICRA Limited
636,532900,PAISALO DIGITAL LIMITED
637,532375,Tips Industries Limited
638,505714,Gabriel India Ltd.
639,543527,Prudent Corporate Advisory Services Limited
640,542597,MSTC Limited
641,532891,Puravankara Limited
642,533581,PG Electroplast Limited
643,509496,ITD Cementation India Ltd
644,532668,Aurionpro Solutions Ltd.
645,505890,Kennametal India Limtied
646,543489,Gateway Distriparks Limited
647,543358,Sansera Engineering Limited
648,543306,Dodla Dairy Limited
649,538268,Wonderla Holidays Limited
650,532630,Gokaldas Exports Ltd
651,543242,Hemisphere Properties India Limited
652,540673,SIS LIMITED
653,531358,Choice International Ltd
654,500171,GHCL Ltd.
655,533122,RattanIndia Power Limited
656,533151,D.B.Corp Limited
657,532804,Technocraft Industries (India) Ltd.
658,539787,HealthCare Global Enterprises Limited
659,532532,Jaiprakash Associates Limited
660,540749,MAS Financial Services Limited
661,532189,India Tourism Development Corporati
662,507717,Dhanuka Agritech Ltd.
663,526367,Ganesh Housing Corporation Ltd.
664,512329,SG MART LIMITED
665,502937,Kesoram Industries Ltd
666,500355,Rallis India Ltd
667,535754,ORIENT CEMENT LIMITED
668,539658,TeamLease Services Limited
669,544021,Protean eGov Technologies Limited
670,505726,IFB Industries Limited
671,522285,Jayaswal Neco Industries Ltd
672,540212,TCI Express Limited
673,544027,Fedbank Financial Services Limited
674,500292,HeidelbergCement  India Limited
675,520051,"Jamna Auto Industries Ltd.,"
676,533262,Ramky Infrastructure Limited
677,531120,Patel Engineering Ltd
678,544122,Entero Healthcare Solutions Limited
679,512463,LLOYDS ENTERPRISES LIMITED
680,530117,PRIVI SPECIALITY CHEMICALS LIMITED
681,540293,Pricol Limited
682,544118,JANA SMALL FINANCE BANK LIMITED
683,532732,Kewal Kiran Clothing Ltd.
684,523630,"National Fertilizers Ltd.,"
685,543711,Sula Vineyards Limited
686,541301,Orient Electric Limited
687,524348,Aarti Drugs Limited
688,532856,Time Technoplast Limited
689,507205,Tilaknagar Industries Ltd
690,532553,Welspun Enterprises Limited
691,532928,Transformers and Rectifiers (India) Limited
692,533271,Ashoka Buildcon Limited
693,500444,West Coast Paper Mills Limited
694,532029,Sindhu Trade Links Limited
695,533553,TD Power Systems Ltd
696,500039,"Banco Products (India) Ltd.,"
697,500463,BLACK BOX LIMITED
698,543332,Epigral Limited
699,542857,Greenpanel Industries Limited
700,524372,Orchid Pharma Limited
701,543748,Aarti Pharmalabs Limited
702,500730,NOCIL Ltd
703,532940,J. Kumar Infraprojects Limited
704,544111,Apeejay Surrendra Park Hotels Limited
705,532859,Hinduja Global Solutions Limited
706,533269,VA Tech Wabag Limited
707,544008,Max Estates Limited
708,544140,Gopal Snacks Limited
709,505283,Kirloskar Pneumatic Co.Ltd.
710,542773,IIFL Securities Limited
711,543212,Borosil Limited
712,532726,GALLANTT ISPAT LIMITED
713,530073,Sanghvi Movers Ltd.
714,543533,eMudhra Limited
715,543249,TARC LIMITED
716,543349,Ami Organics Limited
717,543213,ROSSARI BIOTECH LIMITED
718,540205,Aditya Vision Limited
719,505242,"Dynamatic Technologies Ltd.,"
720,543984,Samhi Hotels Limited
721,500285,SpiceJet Limited
722,540025,Advanced Enzyme Technologies Limited
723,522034,"Shanthi Gears Ltd.,"
724,513262,Steel Strips & Wheels Ltd
725,538567,Gulf Oil Lubricants India Limited
726,500219,"Jain Irrigation Systems Ltd.,"
727,532772,DCB Bank Limited
728,500032,Bajaj Hindusthan Sugar Limited
729,533333,Fineotex Chemical Limited
730,544055,Muthoot Microfin Limited
731,526947,La Opala RG Ltd.
732,535602,Sharda Motor Industries Ltd
733,534600,JTL INDUSTRIES LIMITED
734,534976,V-Mart Retail Limited
735,533162,Hathway Cable & Datacom Limited
736,544167,JNK India Limited
737,520057,JTEKT India Limited
738,500250,L.g.Balkrishnan & Bros. Ltd.
739,531209,Nucleus Software Exports Ltd
740,532924,Kolte-Patil Developers Ltd
741,506655,"Sudarshan Chemical Indus. Ltd.,"
742,523323,Kovai Medical Center & Hospital Ltd
743,500243,Kirloskar Industries Ltd
744,523319,"Balmer Lawrie & Co. Ltd.,"
745,500307,"Nirlon Limited,"
746,539542,LUX Industries Limited
747,500655,GARWARE HI-TECH FILMS LIMITED
748,532528,Datamatics Global Services Limited
749,543989,Sai Silks (Kalamandir) Limited
750,542665,Neogen Chemicals Limited
751,508486,Hawkins Cooker Ltd.
752,500404,"Sunflag Iron & Steel Co. Ltd.,"
753,543311,India Pesticides Limited
754,533158,Thangamayil Jewellery Limited
755,532848,Delta Corp Limited
756,543600,Harsha Engineers International Limited
757,532899,Kaveri Seed Company Ltd
758,532839,Dish TV India Limited
759,517168,"Subros Ltd.,"
760,505710,"Grauer & Weil (India) Ltd.,"
761,532368,BRIGHTCOM GROUP LIMITED
762,524735,Hikal Ltd.
763,538666,Sharda Cropchem Limited
764,519091,"Tasty Bite Eatables Ltd.,"
765,543950,YATHARTH HOSPITAL & TRAUMA CARE SERVICES LIMITED
766,517522,Rajratan Global Wire Ltd
767,530549,Shilpa Medicare Ltd.
768,527001,Ashapura Minechem Ltd
769,539883,Pilani Investment And Industries Corporation Limited
770,522215,HLE GLASCOAT LIMITED
771,542851,Gensol Engineering Limited
772,544088,Medi Assist Healthcare Services Limited
773,505872,WPIL Ltd
774,543650,DCX Systems Limited
775,543333,CarTrade Tech Limited
776,532054,KDDL Ltd
777,500020,"Bombay Dyeing & Mfg. Co. Ltd.,"
778,544020,ESAF Small Finance Bank Ltd
779,543929,HMA Agro Industries Limited
780,543667,INOX GREEN ENERGY SERVICES LIMITED
781,543896,Avalon Technologies Limited
782,506690,"Unichem Laboratories Ltd.,"
783,509243,"TVS Srichakra Ltd.,"
784,501455,Greaves Cotton Ltd.
785,508989,Navneet Education Limited
786,544030,Flair Writing Industries Limited
787,539056,IMAGICAAWORLD ENTERTAINMENT LIMITED
788,532748,Prime Focus Limited
789,532612,Indoco Remedies Ltd.
790,533229,BAJAJ CONSUMER CARE LIMITED
791,502090,Sagar Cements Ltd
792,542905,Hindware Home Innovation Limited
793,539871,Thyrocare Technologies Limited
794,500097,Dalmia Bharat Sugar and Industries Ltd
795,543932,IDEAFORGE TECHNOLOGY LIMITED
796,540879,Apollo Micro Systems Limited
797,500148,Uflex Limited
798,543321,Tatva Chintan Pharma Chem Limited
799,543528,Venus Pipes & Tubes Limited
800,513097,"Shivalik Bimetal Controls Ltd.,"
801,543985,ZAGGLE PREPAID OCEAN SERVICES LIMITED
802,543714,LANDMARK CARS LIMITED
803,500041,"Bannari Amman Sugars Ltd.,"
804,509079,Gufic BioSciences Ltd.
805,505010,"Automotive Axles Ltd.,"
806,540701,Dishman Carbogen Amcis Limited
807,540797,Shalby Limited
808,523385,Nilkamal Limited
809,512529,Sequent Scientific Limited
810,523398,Johnson Controls-Hitachi Air Conditioning India Ltd.
811,533047,Indian Metals & Ferro Alloys Limited
812,506022,"Prakash Industries Ltd.,"
813,534804,CARE Ratings Limited
814,534758,Cigniti Technologies Ltd
815,524051,"Polyplex Corporation Ltd.,"
816,544066,SUNDARAM-CLAYTON LIMITED
817,544107,BLS E-Services Limited
818,538562,Skipper Limited
819,531266,V.S.T.Tillers Tractors Ltd.
820,532945,SEPC LIMITED
821,530367,NRB Bearings Ltd.
822,543490,GMR Power and Urban Infra Limited
823,500235,Kalyani Steels Ltd
824,541163,Sandhar Technologies Limited
825,526521,Sanghi Industries Ltd.
826,540768,Mahindra Logistics Limited
827,500168,"Goodyear India Ltd.,"
828,530305,Piccadily Agro Industries ltd.
829,523716,Ashiana Housing Limited
830,544067,INNOVA CAPTAB LIMITED
831,532768,FIEM INDUSTRIES LIMITED
832,526797,Greenply Industries Ltd
833,542460,The Anup Engineering Ltd
834,540642,Salasar Techno Engineering Limited
835,533080,Mold-Tek Packaging Limited
836,544133,EXICOM TELE-SYSTEMS LIMITED
837,503960,"Bharat Bijlee Ltd.,"
838,532796,Lumax Auto Technologies Ltd.
839,517015,"Vindhya Telelinks Ltd.,"
840,530655,Goodluck India Limited
841,526951,Stylam Industries Limited
842,532479,ISMT Limited
843,543367,Paras Defence and Space Technologies Limited
844,500407,Swaraj Engines Ltd.
845,543812,DIVGI TORQTRANSFER SYSTEMS LIMITED
846,543591,DREAMFOLKS SERVICES LIMITED
847,532440,MPS Limited
848,532406,Avantel Limited
849,524667,Savita Oil Technologies Limited
850,519552,Heritage Foods Limited
851,541403,Dollar Industries Limited
852,517300,Gujarat Industries Power Co. Ltd
853,532808,Pearl Global Industries Limited
854,507878,"Unitech Ltd.,"
855,531761,APOLLO PIPES LIMITED
856,535322,Repco Home Finance Limited
857,533344,PTC India Financial Services Limited
858,531201,Shilchar Technologies Ltd.
859,533137,DEN Networks Limited
860,539889,Parag Milk Foods Limited
861,532430,BF Utilities Ltd.
862,523261,Venky's (India) ltd.
863,526807,Seamec Ltd
864,526829,Confidence Petroleum India Limited
865,539404,SATIN CREDITCARE NETWORK LIMITED
866,540544,PSP Projects Limited
867,500227,Jindal Poly Films Ltd.
868,532395,AXISCADES TECHNOLOGIES LIMITED
869,539199,SG FINSERVE LIMITED
870,506222,Styrenix Performance Materials Limited
871,530135,Optiemus Infracom Limited
872,505412,"Wendt (India) Ltd.,"
873,544142,Shipping Corporation of India Land and Assets Limited
874,543434,Supriya Lifescience Limited
875,500191,HMT Limited
876,543399,Tarsons Products Limited
877,526227,Filatex India Ltd.
878,524019,Kingfa Science & Technology (India) Ltd
879,531508,Eveready Industries India Ltd.
880,543689,Uniparts India Limited
881,500460,"Mukand Ltd.,"
882,532022,Filatex Fashions Ltd
883,500201,India Glycols Ltd
884,523694,Apcotex Industries Limited
885,524164,IOL Chemicals & Pharmaceuticals Ltd
886,540724,Prataap Snacks Limited
887,539450,S H Kelkar and Company Limited
888,542774,MUFIN GREEN FINANCE LIMITED
889,531112,BALU FORGE INDUSTRIES LIMITED
890,541974,Manorama Industries Limited
891,540774,IFGL Refractories Limited
892,543983,EMS LIMITED
893,500052,"Bhansali Engineering Polymers Ltd.,"
894,532960,Dhani Services Limited
895,532983,RPG Life Sciences Limited
896,522064,HONDA INDIA POWER PRODUCTS LIMITED
897,532268,ACCELYA SOLUTIONS INDIA LIMITED
898,511742,UGRO CAPITAL LIMITED
899,543923,IKIO Lighting Limited
900,524091,CARYSIL LIMITED
901,506480,GOCL Corporation Limited
902,543386,Fino Payments Bank Limited
903,541700,TCNS Clothing Co. Limited
904,544029,Gandhar Oil Refinery (India) Limited
905,541336,IndoStar Capital Finance Limited
906,543974,VISHNU PRAKASH R PUNGLIA LIMITED
907,544161,D P ABHUSHAN LIMITED
908,509820,HUHTAMAKI INDIA LIMITED
909,505192,SML ISUZU LIMITED
910,543992,YATRA ONLINE LIMITED
911,500186,Hindustan Oil Exploration Co. Ltd.
912,500288,Morepen Laboratories Ltd.
913,539301,Arvind SmartSpaces Limited
914,543283,BARBEQUE-NATION HOSPITALITY LIMITED
915,542919,Artemis Medicare Services Limited
916,500412,"Thirumalai Chemicals Ltd.,"
917,503811,"Siyaram Silk Mills Ltd.,"
918,539678,Quick Heal Technologies Limited
919,506235,Alembic  Ltd
920,533104,Globus Spirits Limited
921,531431,Shakti Pumps (India) Ltd.
922,511431,Vakrangee Limited
923,514167,Ganesha Ecosphere Limited
924,544042,Bajel Projects Limited
925,513519,PITTI ENGINEERING LIMITED
926,522249,Mayur Uniquoters ltd.
927,523539,"Precision Wires India ltd.,"
928,517206,"Lumax Industries Ltd.,"
929,500108,Mahanagar Telephone Nigam Ltd.
930,512267,Media Matrix Worldwide Ltd.
931,543620,INSOLATION ENERGY LIMITED
932,519156,"Vadilal Industries Ltd.,"
933,534809,PC JEWELLER LIMITED
934,530843,Cupid Limited
935,522241,M.M.Forgings Ltd.
936,500150,Foseco India Ltd
937,519183,ADF Foods Limited.
938,532705,Jagran Prakashan Limited
939,531548,Somany Ceramics Limited
940,507514,Som Distilleries & Breweries Ltd.
941,544119,Rashi Peripherals Limited
942,539636,Precision Camshafts Limited
943,502330,ANDHRA PAPER LIMITED
944,533263,Orient Green Power Company Limited
945,506879,Gujarat Themis Biosyn Ltd.
946,532663,Sasken Technologies Limited
947,500314,"Oriental Hotels Ltd.,"
948,530555,Paramount Communications Ltd.
949,503101,Marathon Nextgen Realty Ltd
950,506854,"TANFAC Industries Ltd.,"
951,531717,Vidhi Specialty Food Ingredients Limited
952,500672,Novartis India Limited.
953,530239,Suven Life Sciences Ltd.
954,533138,ASTEC LIFESCIENCES LIMITED
955,514234,Sangam (India) Ltd
956,542333,RPSG VENTURES LIMITED
957,540710,Capacit'e Infraprojects Limited
958,533552,RUPA & COMPANY LIMITED
959,539799,Bharat Wire Ropes Limited
960,502450,"Seshasayee Paper & Boards Ltd.,"
961,543328,Krsnaa Diagnostics Limited
962,543996,Updater Services Limited
963,532775,GTL Infrastructure Limited
964,543331,Meghmani Organics Limited
965,509675,HIL Limited
966,513349,Ajmera Realty & Infra India Limited
967,544004,IRM ENERGY LIMITED
968,511034,"Jindal Drilling & Industries Ltd.,"
969,543547,DDEV PLASTIKS INDUSTRIES LIMITED
970,500068,Disa India Ltd.
971,531179,Arman Financial Services Limited
972,500365,WELSPUN SPECIALTY SOLUTIONS LIMITED
973,516072,Vishnu Chemicals Limited
974,540602,GTPL Hathway Limited
975,513269,Man Industries (India) Ltd
976,533121,EXPLEO SOLUTIONS LIMITED
977,506642,"Sadhana Nitrochem Ltd.,"
978,532834,Camlin Fine Sciences Ltd
979,517544,Centum Electronics Ltd
980,507747,"TTK Healthcare Ltd.,"
981,543419,Shriram Properties Limited
982,530131,Udaipur Cement Works Limited
983,533303,BF Investment Limited
984,539686,K.P. Energy Limited
985,543389,Sigachi Industries Limited
986,526881,63 Moons Technologies Limited
987,505744,Federal-Mogul Goetze (India) Ltd
988,543686,Sirca Paints India Limited
989,523301,TCPL Packaging Limited
990,517041,Ador Welding Ltd.
991,524820,Panama Petrochem Ltd.
992,500215,Agro Tech Foods Ltd
993,544150,KP GREEN ENGINEERING LIMITED
994,544117,Signpost India Limited
995,526173,Andrew Yule & Company Ltd
996,531637,PRAVEG LIMITED
997,501423,Shaily Engineering Plastics Ltd.
998,543977,Rishabh Instruments Limited
999,539309,Rama Steel Tubes Limited
1000,523445,Reliance Industrial Infrastructure
1001,541167,YASHO INDUSTRIES LIMITED
1002,532348,Subex  Ltd
1003,539841,Lancer Container Lines Limited
1004,543972,Aeroflex Industries Limited
1005,532369,Ramco Industries Ltd
1006,531426,Tamil Nadu Newsprint And Papers Ltd
1007,543387,S.J.S. Enterprises Limited
1008,532698,Nitin Spinners Ltd.
1009,508906,Everest Industries Ltd.
1010,530199,Themis Medicare Ltd.
1011,506109,Genesys International Corporation Ltd.
1012,532366,PNB Gilts Ltd
1013,533267,CANTABIL RETAIL INDIA LIMITED
1014,500193,HLV LIMITED
1015,526729,Goldiam International Ltd.
1016,523618,"Dredging Corporation of India Ltd.,"
1017,512229,Veritas (India) Limited
1018,523127,"EIH Associated Hotels Ltd.,"
1019,540124,G N A Axles Limited
1020,513228,"Pennar Industries Ltd.,"
1021,539594,Mishtann Foods Limited
1022,532407,MOSCHIP TECHNOLOGIES LIMITED
1023,532967,KIRI INDUSTRIES LIMITED
1024,532390,Taj GVK Hotels & Resorts Ltd.
1025,544144,Popular Vehicles and Services Limited
1026,540136,HPL Electric & Power Limited
1027,512068,Deccan Gold Mines Ltd.
1028,543279,Suryoday Small Finance Bank Limited
1029,511551,Monarch Networth Capital Limited
1030,532285,Geojit Financial Services Limited
1031,502157,"Mangalam Cement Ltd.,"
1032,500333,"Pix Transmissions Ltd.,"
1033,532708,GVK Power & Infrastructure Ltd
1034,534392,Vardhman Special Steels Ltd
1035,532150,Indraprastha Medical Corporation Lt
1036,514448,"Jyoti Resins & Adhesives Ltd,"
1037,543411,HI-TECH PIPES LIMITED
1038,544095,EPACK Durable Limited
1039,539660,BEST AGROLIFE LIMITED
1040,504112,Nelco Ltd
1041,539725,Gokul Agro Resources Ltd
1042,532309,GE Power India Limited
1043,532851,Insecticides India Ltd.
1044,505160,"Talbros Automotive Components Ltd.,"
1045,524332,BCL INDUSTRIES LIMITED
1046,505800,Rane Holdings Ltd.
1047,504212,"Universal Cables Ltd.,"
1048,532742,PAUSHAK LIMITED (formerly known as Darshak Limited)
1049,517421,Butterfly Gandhimathi Appliances Limited
1050,540776,5paisa Capital Limited
1051,543288,Deep Industries Limited
1052,543514,Veranda Learning Solutions Limited
1053,526247,Premier Explosives Ltd.
1054,500117,"DCW Ltd.,"
1055,531719,Bhagiradha Chemicals and Industries
1056,540425,Shankara Building Products Limited
1057,532256,Nalwa Sons Investment Ltd
1058,532880,OMAXE LIMITED
1059,544120,Capital Small Finance Bank Ltd
1060,543712,Abans Holdings Limited
1061,533168,Rossell India Limited
1062,538970,WARDWIZARD INNOVATIONS AND MOBILITY LIMITED
1063,500119,"Dhampur Sugar Mills Ltd.,"
1064,533156,Vascon Engineers Limited
1065,543517,Hariom Pipe Industries Limited
1066,543252,Fairchem Organics Limited
1067,544053,Motisons Jewellers Limited
1068,512008,EFC (I) LIMITED
1069,543273,Knowledge Marine & Engineering Works Limited
1070,517380,Igarashi Motors India Ltd.
1071,500147,JOHN COCKERILL INDIA LIMITED
1072,532345,ALLCARGO GATI LIMITED
1073,500414,Timex Group India Ltd
1074,500304,"NIIT Ltd.,"
1075,532684,Everest Kanto Cylinders Ltd.
1076,503031,Peninsula Land Limited
1077,532529,New Delhi Television Limited
1078,532610,Dwarikesh Sugar Industries Ltd.
1079,531357,MERCURY EV-TECH LIMITED
1080,532719,B L Kashyap and Sons Ltd
1081,533302,Kalyani Investment Company Limited
1082,531795,Atul Auto Limited
1083,543260,STOVE KRAFT LIMITED
1084,508814,Cosmo First Limited
1085,539837,RAGHAV PRODUCTIVITY ENHANCERS LIMITED
1086,513250,"Jyoti Structures Ltd.,"
1087,532486,Pokarna Ltd.
1088,514043,"Himatsingka Seide Ltd.,"
1089,523369,"DCM Shriram Industries Ltd.,"
1090,540717,Polo Queen Industrial and Fintech Limited
1091,522295,Control Print (India) Ltd.
1092,540048,S.P. Apparels Limited
1093,502180,"Shree Digvijay Cement Co. Ltd.,"
1094,504000,"Elpro International Ltd.,"
1095,526650,Tourism Finance Corpn. Of India Ltd
1096,539332,Navkar Corporation Limited
1097,532937,Kuantum Papers Limited
1098,544054,Suraj Estate Developers Limited
1099,532475,Aptech Ltd.
1100,532729,Uttam Sugar Mills Ltd
1101,517498,Websol Energy System Limited
1102,521248,Kitex Garmenets Ltd.
1103,544058,Credo Brands Marketing Limited
1104,543971,Bondada Engineering Limited
1105,500199,IG Petrochemicals Ltd
1106,509874,Shalimar Paints Ltd.
1107,543954,Allcargo Terminals Limited
1108,524520,KMC Speciality Hospitals India Limited
1109,526783,Dr.Agarwals Eye Hospital Ltd.
1110,520008,RICO Auto Industries Ltd.
1111,543995,MANOJ VAIBHAV GEMS 'N' JEWELLERS LIMITED
1112,531147,Alicon Castalloy Limited
1113,541540,SOLARA ACTIVE PHARMA SCIENCES LIMITED
1114,540311,JITF INFRALOGISTICS LIMITED
1115,543266,Heranba Industries Limited
1116,544131,GPT Healthcare Limited
1117,532884,Refex Industries Limited
1118,530011,Mangalore Chemicals & Fertilisers L
1119,524709,NACL Industries Limited
1120,532240,India Nippon Electricals Ltd
1121,538836,Monte Carlo Fashions Limited
1122,531921,Agarwal Industrial Corporation Limited
1123,533306,SUMMIT SECURITIES LTD.
1124,519105,AVT Natural Products Ltd.
1125,543599,Ksolves India Limited
1126,543254,Antony Waste Handling Cell Limited
1127,544136,R K Swamy Limited
1128,523207,Kokuyo Camlin Ltd
1129,506618,Punjab Chemicals and Crop Protection Ltd.
1130,514360,K&R RAIL ENGINEERING LIMITED
1131,532864,Nelcast Limited
1132,504741,"Indian Hume Pipe Co. Ltd.,"
1133,542669,BMW INDUSTRIES LIMITED
1134,539607,Blue Cloud Softech Solutions Limited
1135,541276,HARDWYN INDIA LIMITED
1136,524109,Kabra Extrusion Technik Ltd
1137,532515,T.V.Today Network Limited
1138,505720,"Hercules Hoists Ltd.,"
1139,501150,Centrum Capital Limited
1140,540061,Bigbloc Construction Limited
1141,505400,Texmaco Infrastructure & Holdings Ltd
1142,531847,Asian Star Co. Ltd.
1143,535136,NIBE LIMITED
1144,530699,Raj Rayon Industries Limited
1145,500207,"Indo Rama Synthetics (India) Ltd.,"
1146,543263,SMC Global Securities Limited
1147,532616,Xchanging Solutions Limited
1148,520073,RACL Geartech Limited
1149,533320,Jubilant Industries Limited
1150,513517,Steelcast Ltd.
1151,540649,AVADH SUGAR & ENERGY LIMITED
1152,506194,Arihant Superstructures Limited
1153,505526,DOLAT ALGOTECH LIMITED
1154,532925,Kaushalya Infrastructure Development Corporation Ltd
1155,520066,"Jay Bharat Maruti Ltd.,"
1156,522281,Ram Ratna Wires Ltd.
1157,524669,Hester Biosciences Ltd
1158,530759,Sterling Tools Ltd.
1159,506197,Bliss GVS Pharma Limited
1160,532661,Rane (Madras)  Ltd.
1161,524774,NGL Fine Chem Ltd.
1162,541967,SKY GOLD LIMITED
1163,531633,Lincoln Pharmaceuticals ltd.
1164,532457,Gulshan Polyols Ltd.
1165,539201,SATIA INDUSTRIES LIMITED
1166,532485,Balmer Lawrie Investments Ltd.
1167,531092,OM INFRA LIMITED
1168,517500,Roto Pumps Ltd.
1169,524470,Syncom Formulations (India) Ltd.
1170,523736,Dhunseri Ventures Limited
1171,532815,SMS Pharmaceuticals Ltd
1172,532051,Swelect Energy Systems Limited
1173,531859,ORIENTAL RAIL INFRASTRUCTURE LIMITED
1174,524280,"Kopran Ltd.,"
1175,517536,Onward Technologies Ltd.
1176,500268,"Manali Petrochemicals Ltd.,"
1177,532741,Kamdhenu Limited
1178,540145,Valiant Organics Limited
1179,507488,G.M. Breweries Ltd.
1180,539018,Beekay Steel Industries Ltd.
1181,511076,Sat Industries Ltd
1182,533259,Sastasundar Ventures Limited
1183,540704,Matrimony.com Limited
1184,543218,SURATWWALA BUSINESS GROUP LIMITED
1185,506390,Heubach Colorants India Limited
1186,534748,Steel Exchange India Ltd.
1187,522257,Rajoo Engineers Ltd.
1188,543955,Transindia Real Estate Limited
1189,526407,HAMPTON SKY REALTY LIMITED
1190,511768,Master Trust Ltd.
1191,500078,ORIENTAL AROMATICS LIMITED
1192,539436,Coffee Day Enterprises Limited
1193,520086,Sical Logistics Limited
1194,532867,V2 Retail Limited
1195,530307,Chaman Lal Setia Exports Ltd.
1196,511676,GIC Housing Finance Ltd.
1197,539337,WAAREE TECHNOLOGIES LIMITED
1198,500153,"Ganesh Benzoplast Ltd.,"
1199,532687,Repro India Ltd.
1200,506808,TUTICORIN ALKALI CHEMICALS AND FERTILIZERS LIMITED
1201,522163,Diamond Power Infrastructure Limited
1202,515043,Saint-Gobain Sekurit India Ltd.
1203,532700,Entertainment Network (India) Ltd
1204,537259,Suyog Telematics Limited
1205,543747,Kamdhenu Ventures Limited
1206,504341,RAVINDRA ENERGY LIMITED
1207,544149,KRYSTAL INTEGRATED SERVICES LIMITED
1208,506685,"Ultramarine & Pigments Ltd.,"
1209,502175,Saurashtra Cement Limited
1210,506852,Primo Chemicals Limited
1211,544135,Mukka Proteins Limited
1212,524743,Fischer Chemic Ltd.
1213,522101,Kilburn Engineering Ltd
1214,509438,Benares Hotels Ltd
1215,538635,SNOWMAN LOGISTICS LIMITED
1216,530475,Tinna Rubber and Infrastructure Limited
1217,516030,PAKKA LIMITED
1218,504132,Permanent Magnets Ltd.
1219,533146,D-Link (India) Ltd
1220,543240,Likhitha Infrastructure Limited
1221,539561,REMEDIUM LIFECARE LIMITED
1222,543284,EKI Energy Services Limited
1223,500650,"Excell Industries Ltd.,"
1224,532633,Allsec Technologies Ltd.
1225,507753,TGV SRAAC LIMITED
1226,532370,Ramco Systems Ltd
1227,543451,AGS TRANSACT TECHNOLOGIES LIMITED
1228,544134,Platinum Industries Limited
1229,532923,RENAISSANCE GLOBAL LIMITED
1230,539042,AGI Infra Limited
1231,532323,Shiva Cement Ltd.
1232,522073,The Hi-Tech Gears Limited
1233,500296,"Nahar Spinning Mills Ltd.,"
1234,543329,Windlas Biotech Limited
1235,531449,GRM Overseas Ltd.
1236,523850,Axtel Industries Ltd.
1237,504036,"Hind Rectifiers Ltd.,"
1238,500429,Uniphos Enterprises Limited.
1239,530079,Faze Three Ltd.
1240,511413,CREST VENTURES LIMITED
1241,539221,Sportking India Ltd.
1242,530355,ASIAN ENERGY SERVICES LTD
1243,530879,CAPITAL INDIA FINANCE LIMITED
1244,539921,Shanti Educational Initiatives Limited
1245,506687,"Transpek Industry Ltd.,"
1246,505036,"Automobile Corpn. of Goa Ltd.,"
1247,508807,IST Limited
1248,526987,Urja Global Limited
1249,533477,Enkei wheels (India) Limited
1250,532944,OnMobile Global Ltd.
1251,543638,Tracxn Technologies Limited
1252,524370,Bodal Chemicals Ltd
1253,543230,Advait Infratech Limited
1254,532650,MSP STEEL & POWER LTD.
1255,543644,InfoBeans Technologies Limited
1256,543829,Global Surfaces Limited
1257,524394,Vimta Labs Ltd.